{
    "propagation_velocity": 3547.211534585901,
    "detector_variance": 4.308356918727625e-22,
    "coherence_survival": 0.8201235324962611,
    "fidelity_survival": 0.9999999999951764,
    "saturation_index": 0.06074041714058361
}